Caracteristica,sinonimo
sostenibilidad,sostenibilidad
sostenibilidad,viabilidad
sostenibilidad,factibilidad
sostenibilidad,sustentabilidad
sostenibilidad,permanencia
sostenibilidad,continuidad
sostenibilidad,desarrollo sostenible
sostenibilidad,pervivencia
sostenibilidad,perennidad
sostenibilidad,perdurabilidad
sostenibilidad,ecología
sostenibilidad,medio ambiente
sostenibilidad,medio ambiente
regulación,reglamentación
regulación,organización
regulación,regularización
regulación,ordenamiento
regulación,normalización
regulación,ordenanza
regulación,decreto
regulación,ley
regulación,reajuste
regulación,ajuste
sostenibilidad,materia prima
alianza,alianza
alianza,asociación
alianza,cooperación
alianza,socidad
alianza,pacto
alianza,coalición
alianza,concertación
alianza,asociado
alianza,colaboración
alianza,consorcio
alianza,empresa
reputación,reputación
reputación,prestigio
reputación,fama
reputación,estatus
reputación,notoriedad
reputación,renombre
reputación,imagen
reputación,denominación
reputación,honra
reputación,categoría
reputación,justicia
desarrollo,desarrollo
desarrollo,mejora
desarrollo,crecimiento
desarrollo,perfeccionamiento
desarrollo,mejoramiento
desarrollo,progreso
desarrollo,fomento
desarrollo,expansión
desarrollo,creación
desarrollo,avance
desarrollo,tecnología
desarrollo,ciencia
innovación,innovación
innovación,creativo
innovación,novedad
innovación,invención
innovación,inventiva
innovación,imaginación
innovación,pionero
innovación,primicia
innovación,progreso
innovación,hito
innovación,tecnología
innovación,ciencia
macroeconomía,macroeconomía
macroeconomía,financiero
macroeconomía,finanza
macroeconomía,comercial
macroeconomía,negocio
macroeconomía,rendimiento
macroeconomía,coyuntura
macroeconomía,ahorro
macroeconomía,inversión
macroeconomía,dinero
macroeconomía,financiamiento
macroeconomía,financiación
macroeconomía,mercado
macroeconomía,monetario
macroeconomía,moneda
macroeconomía,crédito
macroeconomía,acciones
macroeconomía,divisa
macroeconomía,materia prima
macroeconomía,criptodivisas
macroeconomía,impuestos
macroeconomía,fiscal
macroeconomía,política
macroeconomía,banco
macroeconomía,mercado bursatil
macroeconomía,capital
otros,Deportes
otros,Musica
otros,Arte
otros,juegos
otros,videojuegos
otros,redes sociales
otros,fiestas
otros,asesinato
otros,muerte
otros,chisme
otros,bodas
otros,infidelidad
otros,violencia
otros,literatura
otros,religión
otros,secuestro
otros,pandemia